april,lt-normal,lt-norm,norm,yes,same-lst-two-yrs,low-areas,pot-severe,fungicide,90-100,norm,abnorm,absent,w-s-marg,lt-1/8,absent,absent,absent,abnorm,yes,above-sec-nde,dk-brown-blk,absent,firm-and-dry,absent,none,absent,diseased,absent,norm,present,present,lt-norm,absent,galls-cysts,
may,normal,gt-norm,gt-norm,yes,same-lst-yr,scattered,severe,fungicide,90-100,norm,norm,no-yellow-halos,w-s-marg,gt-1/8,absent,absent,absent,abnorm,yes,above-sec-nde,brown,present,firm-and-dry,absent,none,absent,norm,brown-w/blk-specks,abnorm,present,absent,lt-norm,present,galls-cysts,
june,lt-normal,norm,lt-norm,no,same-lst-sev-yrs,whole-field,pot-severe,none,80-89,norm,norm,no-yellow-halos,no-w-s-marg,gt-1/8,absent,absent,upper-surf,abnorm,no,absent,dk-brown-blk,absent,firm-and-dry,absent,none,present,norm,absent,norm,present,present,norm,present,rotted,
august,normal,gt-norm,norm,no,diff-lst-year,low-areas,minor,other,80-89,abnorm,abnorm,no-yellow-halos,w-s-marg,gt-1/8,present,absent,absent,abnorm,yes,below-soil,tan,absent,absent,absent,none,absent,norm,brown-w/blk-specks,abnorm,absent,present,norm,absent,norm,
june,lt-normal,lt-norm,norm,yes,diff-lst-year,upper-areas,pot-severe,none,lt-80,abnorm,norm,yellow-halos,w-s-marg,lt-1/8,present,absent,absent,abnorm,yes,above-soil,brown,absent,firm-and-dry,absent,black,absent,norm,absent,norm,present,absent,lt-norm,present,norm,
